5215,Suncor Énergie Inc.,Suncor Energy Inc.,2015-01-27,Climate,Climate,Environment Canada
5997,Groupe Co-operators limitée,The Co-operators Group Ltd.,2015-01-21,Climate,Climate,Public Safety Canada (PS)
5997,Groupe Co-operators limitée,The Co-operators Group Ltd.,2015-02-10,Climate,Climate,Public Safety Canada (PS)
5997,Groupe Co-operators limitée,The Co-operators Group Ltd.,2015-02-24,Climate,Climate,Public Safety Canada (PS)
61,null,GREENPEACE CANADA,2015-03-06,Climate,Climate,House of Commons
15791,Alliance des manufacturiers et des exportateurs du Canada (MEC),Alliance of Manufacturers & Exporters Canada (CME),2015-04-01,Climate,Climate,Prime Minister's Office (PMO)
4669,null,PEMBINA INSTITUTE,2015-05-01,Climate,Climate,Environment Canada
15791,Alliance des manufacturiers et des exportateurs du Canada (MEC),Alliance of Manufacturers & Exporters Canada (CME),2015-05-13,Climate,Climate,Prime Minister's Office (PMO)
226641,Association Canadienne des Producteurs Pétroliers,Canadian Association of Petroleum Producers,2015-09-02,Climate,Climate,Environment Canada
226641,Association Canadienne des Producteurs Pétroliers,Canadian Association of Petroleum Producers,2015-09-22,Climate,Climate,Environment Canada
226641,Association Canadienne des Producteurs Pétroliers,Canadian Association of Petroleum Producers,2015-11-05,Climate,Climate,Environment and Climate Change Canada
5215,Suncor Énergie Inc.,Suncor Energy Inc.,2015-11-18,Climate,Climate,Environment and Climate Change Canada
5215,Suncor Énergie Inc.,Suncor Energy Inc.,2015-11-16,Climate,Climate,Environment and Climate Change Canada
5215,Suncor Énergie Inc.,Suncor Energy Inc.,2015-11-17,Climate,Climate,House of Commons
5215,Suncor Énergie Inc.,Suncor Energy Inc.,2015-11-19,Climate,Climate,House of Commons
5215,Suncor Énergie Inc.,Suncor Energy Inc.,2015-11-19,Climate,Climate,Prime Minister's Office (PMO)
136,Association des produits forestiers du Canada,Forest Products Association of Canada,2015-12-17,Climate,Climate,Environment and Climate Change Canada
353906,null,Canadian Climate Forum,2015-12-18,Climate,Climate,Natural Resources Canada (NRCan)
354087,null,Canada Clean Fuels,2015-12-22,Climate,Climate,Environment and Climate Change Canada
5215,Suncor Énergie Inc.,Suncor Energy Inc.,2015-12-04,Climate,Climate,House of Commons
353272,null,Vancouver Aquarium,2015-12-09,Climate,Climate,Fisheries and Oceans Canada (DFO)
353272,null,Vancouver Aquarium,2015-12-14,Climate,Climate,Fisheries and Oceans Canada (DFO)
61,null,GREENPEACE CANADA,2015-11-23,Climate,Climate,Environment and Climate Change Canada
61,null,GREENPEACE CANADA,2015-11-23,Climate,Climate,Global Affairs Canada
61,null,GREENPEACE CANADA,2015-12-01,Climate,Climate,Environment and Climate Change Canada
61,null,GREENPEACE CANADA,2015-12-02,Climate,Climate,Environment and Climate Change Canada
61,null,GREENPEACE CANADA,2015-12-04,Climate,Climate,Environment and Climate Change Canada
61,null,GREENPEACE CANADA,2015-12-08,Climate,Climate,Environment and Climate Change Canada
5215,Suncor Énergie Inc.,Suncor Energy Inc.,2016-01-11,Climate,Climate,Prime Minister's Office (PMO)
353906,null,Canadian Climate Forum,2016-01-14,Climate,Climate,Natural Resources Canada (NRCan)
353906,null,Canadian Climate Forum,2016-01-19,Climate,Climate,Public Safety Canada (PS)
354266,null,Suncor Energy Inc.,2016-01-28,Climate,Climate,Environment and Climate Change Canada
136,Association des produits forestiers du Canada,Forest Products Association of Canada,2016-02-11,Climate,Climate,Environment and Climate Change Canada
352826,null,Innergex Renewable Energy Inc.,2016-02-18,Climate,Climate,Natural Resources Canada (NRCan)
352826,null,Innergex Renewable Energy Inc.,2016-02-18,Climate,Climate,Privy Council Office (PCO)
352826,null,Innergex Renewable Energy Inc.,2016-02-18,Climate,Climate,Natural Resources Canada (NRCan)
352826,null,Innergex Renewable Energy Inc.,2016-02-19,Climate,Climate,Environment and Climate Change Canada
352826,null,Innergex Renewable Energy Inc.,2016-02-19,Climate,Climate,Infrastructure Canada
352826,null,Innergex Renewable Energy Inc.,2016-02-19,Climate,Climate,Indigenous and Northern Affairs Canada
352826,null,Innergex Renewable Energy Inc.,2016-02-18,Climate,Climate,Indigenous and Northern Affairs Canada
136,Association des produits forestiers du Canada,Forest Products Association of Canada,2016-02-23,Climate,Climate,House of Commons
15758,null,ENMAX Corporation,2016-02-26,Climate,Climate,Finance Canada (FIN)
220101,null,Rio Tinto Aluminium,2016-02-03,Climate,Climate,Global Affairs Canada
220101,null,Rio Tinto Aluminium,2016-02-03,Climate,Climate,Transport Canada (TC)
61,null,GREENPEACE CANADA,2016-03-03,Climate,Climate,Environment and Climate Change Canada
61,null,GREENPEACE CANADA,2016-03-15,Climate,Climate,Prime Minister's Office (PMO)
306985,null,Rio Tinto Canada Management Inc,2016-03-03,Climate,Climate,Environment and Climate Change Canada
318765,A L'action,LeadNow Society,2016-02-29,Climate,Climate,House of Commons
318765,A L'action,LeadNow Society,2016-01-22,Climate,Climate,House of Commons
318765,A L'action,LeadNow Society,2016-02-19,Climate,Climate,House of Commons
318765,A L'action,LeadNow Society,2016-03-01,Climate,Climate,House of Commons
318765,A L'action,LeadNow Society,2016-03-15,Climate,Climate,House of Commons
318765,A L'action,LeadNow Society,2016-03-29,Climate,Climate,House of Commons
333106,Association canadienne du ciment,Cement Association of Canada,2016-03-17,Climate,Climate,Environment and Climate Change Canada
353906,null,Canadian Climate Forum,2016-03-04,Climate,Climate,Infrastructure Canada
4669,null,PEMBINA INSTITUTE,2016-03-25,Climate,Climate,Natural Resources Canada (NRCan)
352826,null,Innergex Renewable Energy Inc.,2016-04-04,Climate,Climate,"Innovation, Science and Economic Development Canada"
352826,null,Innergex Renewable Energy Inc.,2016-04-06,Climate,Climate,Indigenous and Northern Affairs Canada
352826,null,Innergex Renewable Energy Inc.,2016-04-04,Climate,Climate,Natural Resources Canada (NRCan)
357317,Action Contre La Faim,Action Against Hunger Canada,2016-04-13,Climate,Climate,Environment and Climate Change Canada
136,Association des produits forestiers du Canada,Forest Products Association of Canada,2016-04-04,Climate,Climate,Environment and Climate Change Canada
6410,null,Shell Canada Limited,2016-03-03,Climate,Climate,Natural Resources Canada (NRCan)
357420,null,FortisBC,2016-04-13,Climate,Climate,Natural Resources Canada (NRCan)
5215,Suncor Énergie Inc.,Suncor Energy Inc.,2016-03-02,Climate,Climate,Environment and Climate Change Canada
5329,null,The Toronto-Dominion Bank,2016-03-22,Climate,Climate,Environment and Climate Change Canada
136,Association des produits forestiers du Canada,Forest Products Association of Canada,2016-04-12,Climate,Climate,House of Commons
136,Association des produits forestiers du Canada,Forest Products Association of Canada,2016-04-15,Climate,Climate,House of Commons
136,Association des produits forestiers du Canada,Forest Products Association of Canada,2016-04-21,Climate,Climate,Natural Resources Canada (NRCan)
357421,null,Carbon Engineering,2016-04-19,Climate,Climate,Environment and Climate Change Canada
357421,null,Carbon Engineering,2016-04-19,Climate,Climate,Prime Minister's Office (PMO)
357421,null,Carbon Engineering,2016-04-19,Climate,Climate,"Innovation, Science and Economic Development Canada"
357421,null,Carbon Engineering,2016-04-21,Climate,Climate,House of Commons
353906,null,Canadian Climate Forum,2016-04-11,Climate,Climate,Environment and Climate Change Canada
136,Association des produits forestiers du Canada,Forest Products Association of Canada,2016-04-25,Climate,Climate,"Innovation, Science and Economic Development Canada"
136,Association des produits forestiers du Canada,Forest Products Association of Canada,2016-04-27,Climate,Climate,Natural Resources Canada (NRCan)
15673,Association canadienne des carburants,Canadian Fuels Association,2016-04-21,Climate,Climate,Environment and Climate Change Canada
12890,null,WEST COAST ENVIRONMENTAL LAW ASSOCIATION,2016-04-28,Climate,Climate,House of Commons
286266,null,Canadian Natural Resources Limited,2016-04-07,Climate,Climate,Environment and Climate Change Canada
355387,null,NextEra Canada Development LP,2016-04-05,Climate,Climate,Indigenous and Northern Affairs Canada
355387,null,NextEra Canada Development LP,2016-04-05,Climate,Climate,Environment and Climate Change Canada
5215,Suncor Énergie Inc.,Suncor Energy Inc.,2016-04-24,Climate,Climate,Environment and Climate Change Canada
353272,null,Vancouver Aquarium,2016-04-06,Climate,Climate,Fisheries and Oceans Canada (DFO)
357528,null,NEBC Resource Municipalities Coalition,2016-04-18,Climate,Climate,Finance Canada (FIN)
357528,null,NEBC Resource Municipalities Coalition,2016-04-18,Climate,Climate,Natural Resources Canada (NRCan)
357528,null,NEBC Resource Municipalities Coalition,2016-04-18,Climate,Climate,House of Commons
357528,null,NEBC Resource Municipalities Coalition,2016-04-18,Climate,Climate,Infrastructure Canada
357528,null,NEBC Resource Municipalities Coalition,2016-04-19,Climate,Climate,House of Commons
357774,null,Evok Innovations,2016-05-11,Climate,Climate,National Research Council (NRC)
357420,null,FortisBC,2016-05-18,Climate,Climate,Prime Minister's Office (PMO)
357420,null,FortisBC,2016-05-18,Climate,Climate,Natural Resources Canada (NRCan)
357420,null,FortisBC,2016-05-18,Climate,Climate,Environment and Climate Change Canada
357113,null,Natural Resources Defense Council,2016-02-10,Climate,Climate,Global Affairs Canada
357113,null,Natural Resources Defense Council,2016-02-11,Climate,Climate,Prime Minister's Office (PMO)
357420,null,FortisBC,2016-06-03,Climate,Climate,Natural Resources Canada (NRCan)
357420,null,FortisBC,2016-06-06,Climate,Climate,Transport Canada (TC)
357420,null,FortisBC,2016-06-06,Climate,Climate,Environment and Climate Change Canada
357420,null,FortisBC,2016-06-03,Climate,Climate,House of Commons
352826,null,Innergex Renewable Energy Inc.,2016-06-07,Climate,Climate,Indigenous and Northern Affairs Canada
352826,null,Innergex Renewable Energy Inc.,2016-06-07,Climate,Climate,Environment and Climate Change Canada
352826,null,Innergex Renewable Energy Inc.,2016-06-07,Climate,Climate,Natural Resources Canada (NRCan)
352826,null,Innergex Renewable Energy Inc.,2016-06-08,Climate,Climate,"Innovation, Science and Economic Development Canada"
357137,null,Canadian Construction Innovations,2016-05-12,Climate,Climate,Natural Resources Canada (NRCan)
357137,null,Canadian Construction Innovations,2016-05-13,Climate,Climate,Natural Resources Canada (NRCan)
357137,null,Canadian Construction Innovations,2016-05-13,Climate,Climate,Infrastructure Canada
357137,null,Canadian Construction Innovations,2016-05-26,Climate,Climate,"Innovation, Science and Economic Development Canada"
355387,null,NextEra Canada Development LP,2016-05-10,Climate,Climate,Environment and Climate Change Canada
355387,null,NextEra Canada Development LP,2016-05-10,Climate,Climate,Indigenous and Northern Affairs Canada
355387,null,NextEra Canada Development LP,2016-05-19,Climate,Climate,Indigenous and Northern Affairs Canada
355387,null,NextEra Canada Development LP,2016-05-31,Climate,Climate,Natural Resources Canada (NRCan)
357516,null,"Covanta Burnaby Renewable Energy, ULC",2016-05-03,Climate,Climate,"Innovation, Science and Economic Development Canada"
357516,null,"Covanta Burnaby Renewable Energy, ULC",2016-05-03,Climate,Climate,"Innovation, Science and Economic Development Canada"
357516,null,"Covanta Burnaby Renewable Energy, ULC",2016-05-02,Climate,Climate,Prime Minister's Office (PMO)
357516,null,"Covanta Burnaby Renewable Energy, ULC",2016-05-02,Climate,Climate,Natural Resources Canada (NRCan)
226822,null,Saskatchewan Power Corporation,2016-05-19,Climate,Climate,Environment and Climate Change Canada
357421,null,Carbon Engineering,2016-06-08,Climate,Climate,Environment and Climate Change Canada
357421,null,Carbon Engineering,2016-06-08,Climate,Climate,"Innovation, Science and Economic Development Canada"
357421,null,Carbon Engineering,2016-06-08,Climate,Climate,House of Commons
357421,null,Carbon Engineering,2016-06-09,Climate,Climate,Natural Resources Canada (NRCan)
357421,null,Carbon Engineering,2016-06-09,Climate,Climate,Prime Minister's Office (PMO)
357421,null,Carbon Engineering,2016-06-09,Climate,Climate,House of Commons
357421,null,Carbon Engineering,2016-06-09,Climate,Climate,House of Commons
357421,null,Carbon Engineering,2016-06-09,Climate,Climate,Global Affairs Canada
4669,null,PEMBINA INSTITUTE,2016-06-22,Climate,Climate,Environment and Climate Change Canada
355387,null,NextEra Canada Development LP,2016-06-01,Climate,Climate,Environment and Climate Change Canada
355387,null,NextEra Canada Development LP,2016-06-14,Climate,Climate,Natural Resources Canada (NRCan)
355387,null,NextEra Canada Development LP,2016-06-23,Climate,Climate,Indigenous and Northern Affairs Canada
355387,null,NextEra Canada Development LP,2016-06-23,Climate,Climate,Prime Minister's Office (PMO)
664,null,Unifor,2016-06-06,Climate,Climate,Environment and Climate Change Canada
5215,Suncor Énergie Inc.,Suncor Energy Inc.,2016-06-06,Climate,Climate,Environment and Climate Change Canada
5215,Suncor Énergie Inc.,Suncor Energy Inc.,2016-06-27,Climate,Climate,Natural Resources Canada (NRCan)
270204,null,Teck Resources Limited,2016-06-27,Climate,Climate,Environment and Climate Change Canada
270204,null,Teck Resources Limited,2016-06-01,Climate,Climate,Environment and Climate Change Canada
270204,null,Teck Resources Limited,2016-06-01,Climate,Climate,Natural Resources Canada (NRCan)
568,Association canadienne de L'industrie de la chimie,Chemistry Industry Association of Canada,2016-06-16,Climate,Climate,Environment and Climate Change Canada
269143,Équiterre,null,2016-05-17,Climate,Climat,Natural Resources Canada (NRCan)
269143,Équiterre,null,2016-06-10,Climate,Climat,Environment and Climate Change Canada
5215,Suncor Énergie Inc.,Suncor Energy Inc.,2016-07-06,Climate,Climate,Environment and Climate Change Canada
5215,Suncor Énergie Inc.,Suncor Energy Inc.,2016-07-28,Climate,Climate,Environment and Climate Change Canada
357239,La Corporation Trans Mountain,Trans Mountain Corporation,2016-07-06,Climate,Climate,House of Commons
357239,La Corporation Trans Mountain,Trans Mountain Corporation,2016-07-12,Climate,Climate,House of Commons
235601,null,TELUS Corporation,2016-08-17,Climate,Climate,Environment and Climate Change Canada
357458,Terrestrial Energy Inc.,Terrestrial Energy Inc.,2016-08-18,Climate,Climate,Environment and Climate Change Canada
358099,Le Fonds Atmosphérique,The Atmospheric Fund,2016-08-03,Climate,Climate,Prime Minister's Office (PMO)
358099,Le Fonds Atmosphérique,The Atmospheric Fund,2016-08-25,Climate,Climate,Employment and Social Development Canada (ESDC)
358099,Le Fonds Atmosphérique,The Atmospheric Fund,2016-08-12,Climate,Climate,Infrastructure Canada
306985,null,Rio Tinto Canada Management Inc,2016-08-05,Climate,Climate,Environment and Climate Change Canada
358367,null,FortisBC,2016-09-13,Climate,Climate,Natural Resources Canada (NRCan)
358367,null,FortisBC,2016-09-13,Climate,Climate,Agriculture and Agri-Food Canada (AAFC)
5215,Suncor Énergie Inc.,Suncor Energy Inc.,2016-08-03,Climate,Climate,Environment and Climate Change Canada
5215,Suncor Énergie Inc.,Suncor Energy Inc.,2016-08-16,Climate,Climate,Environment and Climate Change Canada
358299,null,S2E Technologies Inc.,2016-08-17,Climate,Climate,"Innovation, Science and Economic Development Canada"
367,Congrès du travail du Canada,Canadian Labour Congress,2016-08-23,Climate,Climate,Environment and Climate Change Canada
270204,null,Teck Resources Limited,2016-08-31,Climate,Climate,Environment and Climate Change Canada
15758,null,ENMAX Corporation,2016-08-18,Climate,Climate,Veterans Affairs Canada (VAC)
4669,null,PEMBINA INSTITUTE,2016-07-13,Climate,Climate,House of Commons
4669,null,PEMBINA INSTITUTE,2016-07-14,Climate,Climate,House of Commons
357438,null,Friends of the Greenbelt Foundation,2016-09-12,Climate,Climate,Natural Resources Canada (NRCan)
358378,null,CircuitMeter,2016-09-14,Climate,Climate,Environment and Climate Change Canada
358175,null,Energy Storage Canada,2016-09-14,Climate,Climate,Environment and Climate Change Canada
354087,null,Canada Clean Fuels,2016-09-14,Climate,Climate,Environment and Climate Change Canada
268603,Association canadienne de L'hydroélectricité,Canadian Hydropower Association,2016-09-21,Climate,Climate,Fisheries and Oceans Canada (DFO)
269143,Équiterre,null,2016-09-08,Climate,Climat,Environment and Climate Change Canada
269143,Équiterre,null,2016-09-13,Climate,Climat,Environment and Climate Change Canada
269143,Équiterre,null,2016-09-20,Climate,Climat,Environment and Climate Change Canada
269143,Équiterre,null,2016-09-22,Climate,Climat,Natural Resources Canada (NRCan)
357556,Conseil du batiment durable au Canada,Canada Green Building Council,2016-09-21,Climate,Climate,Natural Resources Canada (NRCan)
357556,Conseil du batiment durable au Canada,Canada Green Building Council,2016-09-21,Climate,Climate,Public Services and Procurement Canada
357556,Conseil du batiment durable au Canada,Canada Green Building Council,2016-09-21,Climate,Climate,Environment and Climate Change Canada
353906,null,Canadian Climate Forum,2016-09-08,Climate,Climate,Environment and Climate Change Canada
357558,Conseil du batiment durable au Canada,Canada Green Building Council,2016-09-28,Climate,Climate,Finance Canada (FIN)
357558,Conseil du batiment durable au Canada,Canada Green Building Council,2016-09-28,Climate,Climate,Infrastructure Canada
357558,Conseil du batiment durable au Canada,Canada Green Building Council,2016-09-28,Climate,Climate,Privy Council Office (PCO)
357558,Conseil du batiment durable au Canada,Canada Green Building Council,2016-09-28,Climate,Climate,Environment and Climate Change Canada
15758,null,ENMAX Corporation,2016-09-01,Climate,Climate,Canadian Heritage (PCH)
225001,null,ConocoPhillips Canada Resources Corp.,2016-09-19,Climate,Climate,Environment and Climate Change Canada
357556,Conseil du batiment durable au Canada,Canada Green Building Council,2016-10-13,Climate,Climate,Natural Resources Canada (NRCan)
357556,Conseil du batiment durable au Canada,Canada Green Building Council,2016-09-20,Climate,Climate,Environment and Climate Change Canada
270204,null,Teck Resources Limited,2016-09-20,Climate,Climate,Environment and Climate Change Canada
270204,null,Teck Resources Limited,2016-09-13,Climate,Climate,Natural Resources Canada (NRCan)
270204,null,Teck Resources Limited,2016-09-13,Climate,Climate,Environment and Climate Change Canada
237921,Conseil du bâtiment durable du Canada.,Canada Green Building Council,2016-09-07,Climate,Climate,Natural Resources Canada (NRCan)
357438,null,Friends of the Greenbelt Foundation,2016-09-12,Climate,Climate,Natural Resources Canada (NRCan)
237921,Conseil du bâtiment durable du Canada.,Canada Green Building Council,2016-09-20,Climate,Climate,Public Services and Procurement Canada
237921,Conseil du bâtiment durable du Canada.,Canada Green Building Council,2016-09-28,Climate,Climate,Environment and Climate Change Canada
237921,Conseil du bâtiment durable du Canada.,Canada Green Building Council,2016-09-30,Climate,Climate,Treasury Board Of Canada Secretariat (TBS)
357438,null,Friends of the Greenbelt Foundation,2016-09-21,Climate,Climate,Finance Canada (FIN)
357438,null,Friends of the Greenbelt Foundation,2016-09-21,Climate,Climate,Natural Resources Canada (NRCan)
357438,null,Friends of the Greenbelt Foundation,2016-09-21,Climate,Climate,House of Commons
357733,null,TransAlta Corporation,2016-09-22,Climate,Climate,Prime Minister's Office (PMO)
357733,null,TransAlta Corporation,2016-09-22,Climate,Climate,Environment and Climate Change Canada
358175,null,Energy Storage Canada,2016-10-18,Climate,Climate,House of Commons
357199,Industries Renouvelables Canada,Renewable Industries Canada,2016-10-13,Climate,Climate,Environment and Climate Change Canada
268603,Association canadienne de L'hydroélectricité,Canadian Hydropower Association,2016-10-24,Climate,Climate,Environment and Climate Change Canada
268603,Association canadienne de L'hydroélectricité,Canadian Hydropower Association,2016-10-26,Climate,Climate,Natural Resources Canada (NRCan)
358383,null,The Canadian Geothermal Energy Association (CanGEA),2016-10-05,Climate,Climate,Environment and Climate Change Canada
358383,null,The Canadian Geothermal Energy Association (CanGEA),2016-10-03,Climate,Climate,Natural Resources Canada (NRCan)
269143,Équiterre,null,2016-10-28,Climate,Climat,Environment and Climate Change Canada
269143,Équiterre,null,2016-10-04,Climate,Climat,Environment and Climate Change Canada
353906,null,Canadian Climate Forum,2016-10-26,Climate,Climate,Public Safety Canada (PS)
353906,null,Canadian Climate Forum,2016-10-18,Climate,Climate,Infrastructure Canada
15787,La Chambre de commerce du Canada,Canadian Chamber of Commerce,2016-10-06,Climate,Climate,House of Commons
15787,La Chambre de commerce du Canada,Canadian Chamber of Commerce,2016-10-24,Climate,Climate,House of Commons
136,Association des produits forestiers du Canada,Forest Products Association of Canada,2016-11-07,Climate,Climate,House of Commons
225001,null,ConocoPhillips Canada Resources Corp.,2016-10-13,Climate,Climate,Environment and Climate Change Canada
225001,null,ConocoPhillips Canada Resources Corp.,2016-10-14,Climate,Climate,Environment and Climate Change Canada
358099,Le Fonds Atmosphérique,The Atmospheric Fund,2016-10-04,Climate,Climate,Infrastructure Canada
358099,Le Fonds Atmosphérique,The Atmospheric Fund,2016-10-05,Climate,Climate,Infrastructure Canada
358099,Le Fonds Atmosphérique,The Atmospheric Fund,2016-10-13,Climate,Climate,Infrastructure Canada
358099,Le Fonds Atmosphérique,The Atmospheric Fund,2016-10-18,Climate,Climate,Infrastructure Canada
355387,null,NextEra Canada Development LP,2016-10-31,Climate,Climate,Infrastructure Canada
270204,null,Teck Resources Limited,2016-10-12,Climate,Climate,Environment and Climate Change Canada
270204,null,Teck Resources Limited,2016-10-12,Climate,Climate,Privy Council Office (PCO)
270204,null,Teck Resources Limited,2016-10-12,Climate,Climate,Prime Minister's Office (PMO)
237921,Conseil du bâtiment durable du Canada.,Canada Green Building Council,2016-10-13,Climate,Climate,Natural Resources Canada (NRCan)
318765,A L'action,LeadNow Society,2016-10-24,Climate,Climate,House of Commons
318765,A L'action,LeadNow Society,2016-10-24,Climate,Climate,House of Commons
318765,A L'action,LeadNow Society,2016-10-24,Climate,Climate,House of Commons
318765,A L'action,LeadNow Society,2016-10-25,Climate,Climate,House of Commons
318765,A L'action,LeadNow Society,2016-10-25,Climate,Climate,House of Commons
15791,Alliance des manufacturiers et des exportateurs du Canada (MEC),Alliance of Manufacturers & Exporters Canada (CME),2016-10-13,Climate,Climate,Senate of Canada
15791,Alliance des manufacturiers et des exportateurs du Canada (MEC),Alliance of Manufacturers & Exporters Canada (CME),2016-10-18,Climate,Climate,House of Commons
5215,Suncor Énergie Inc.,Suncor Energy Inc.,2016-10-17,Climate,Climate,Natural Resources Canada (NRCan)
5215,Suncor Énergie Inc.,Suncor Energy Inc.,2016-10-18,Climate,Climate,Environment and Climate Change Canada
5215,Suncor Énergie Inc.,Suncor Energy Inc.,2016-10-04,Climate,Climate,Environment and Climate Change Canada
5215,Suncor Énergie Inc.,Suncor Energy Inc.,2016-10-25,Climate,Climate,Environment and Climate Change Canada
61,null,GREENPEACE CANADA,2016-10-26,Climate,Climate,Environment and Climate Change Canada
269143,Équiterre,null,2016-11-22,Climate,Climat,Environment and Climate Change Canada
358730,Économie verte Canada,Green Economy Canada,2016-09-30,Climate,Climate,Federal Economic Development Agency for Southern Ontario (FedDev) 
394,Constructeurs mondiaux d'automobiles du Canada,Global Automakers of Canada,2016-12-05,Climate,Climate,Transport Canada (TC)
358816,Groupe PureSphera inc.,null,2016-11-22,Climate,Climat,Environment and Climate Change Canada
269143,Équiterre,null,2016-11-09,Climate,Climat,Environment and Climate Change Canada
269143,Équiterre,null,2016-12-02,Climate,Climat,Environment and Climate Change Canada
269143,Équiterre,null,2016-11-15,Climate,Climat,Environment and Climate Change Canada
355387,null,NextEra Canada Development LP,2016-11-07,Climate,Climate,Indigenous and Northern Affairs Canada
355387,null,NextEra Canada Development LP,2016-11-08,Climate,Climate,Infrastructure Canada
358099,Le Fonds Atmosphérique,The Atmospheric Fund,2016-11-10,Climate,Climate,Environment and Climate Change Canada
358099,Le Fonds Atmosphérique,The Atmospheric Fund,2016-11-18,Climate,Climate,Infrastructure Canada
237921,Conseil du bâtiment durable du Canada.,Canada Green Building Council,2016-11-01,Climate,Climate,Environment and Climate Change Canada
220101,null,Rio Tinto Aluminium,2016-11-16,Climate,Climate,Natural Resources Canada (NRCan)
282264,Association Canadienne du Propane,Canadian Propane Association,2016-11-28,Climate,Climate,Environment and Climate Change Canada
5215,Suncor Énergie Inc.,Suncor Energy Inc.,2016-11-25,Climate,Climate,Environment and Climate Change Canada
5215,Suncor Énergie Inc.,Suncor Energy Inc.,2016-11-29,Climate,Climate,Prime Minister's Office (PMO)
270204,null,Teck Resources Limited,2016-11-24,Climate,Climate,Prime Minister's Office (PMO)
359098,null,Innergex Renewable Energy Inc.,2016-12-16,Climate,Climate,Environment and Climate Change Canada
357516,null,"Covanta Burnaby Renewable Energy, ULC",2016-11-17,Climate,Climate,Infrastructure Canada
357516,null,"Covanta Burnaby Renewable Energy, ULC",2016-12-05,Climate,Climate,Privy Council Office (PCO)
357516,null,"Covanta Burnaby Renewable Energy, ULC",2016-12-06,Climate,Climate,Environment and Climate Change Canada
357438,null,Friends of the Greenbelt Foundation,2016-12-16,Climate,Climate,Agriculture and Agri-Food Canada (AAFC)
269143,Équiterre,null,2016-12-09,Climate,Climat,Environment and Climate Change Canada
4978,null,GENERAL ELECTRIC CANADA,2016-12-22,Climate,Climate,House of Commons
15787,La Chambre de commerce du Canada,Canadian Chamber of Commerce,2016-12-14,Climate,Climate,Environment and Climate Change Canada
15758,null,ENMAX Corporation,2016-12-01,Climate,Climate,Environment and Climate Change Canada
358378,null,CircuitMeter,2017-01-06,Climate,Climate,Natural Resources Canada (NRCan)
4669,null,PEMBINA INSTITUTE,2016-12-05,Climate,Climate,House of Commons
5004,Association nucléaire canadienne,Canadian Nuclear Association,2016-12-13,Climate,Climate,House of Commons
237921,Conseil du bâtiment durable du Canada.,Canada Green Building Council,2016-12-13,Climate,Climate,Infrastructure Canada
358099,Le Fonds Atmosphérique,The Atmospheric Fund,2016-12-13,Climate,Climate,Environment and Climate Change Canada
358099,Le Fonds Atmosphérique,The Atmospheric Fund,2016-12-22,Climate,Climate,Natural Resources Canada (NRCan)
16086,null,Repsol Oil & Gas Canada Inc.,2016-12-14,Climate,Climate,Environment and Climate Change Canada
270204,null,Teck Resources Limited,2016-12-02,Climate,Climate,Prime Minister's Office (PMO)
237921,Conseil du bâtiment durable du Canada.,Canada Green Building Council,2017-01-08,Climate,Climate,National Defence (DND)
237921,Conseil du bâtiment durable du Canada.,Canada Green Building Council,2017-01-09,Climate,Climate,Treasury Board Of Canada Secretariat (TBS)
358175,null,Energy Storage Canada,2017-01-19,Climate,Climate,Infrastructure Canada
359103,null,S2E Technologies Inc.,2017-01-23,Climate,Climate,Finance Canada (FIN)
359103,null,S2E Technologies Inc.,2017-01-23,Climate,Climate,Natural Resources Canada (NRCan)
359103,null,S2E Technologies Inc.,2017-01-23,Climate,Climate,Environment and Climate Change Canada
359103,null,S2E Technologies Inc.,2017-01-23,Climate,Climate,Prime Minister's Office (PMO)
358994,null,"Canadian Solar (USA), Inc.",2017-01-30,Climate,Climat,Finance Canada (FIN)
358994,null,"Canadian Solar (USA), Inc.",2017-01-30,Climate,Climat,Treasury Board Of Canada Secretariat (TBS)
358994,null,"Canadian Solar (USA), Inc.",2017-01-30,Climate,Climat,House of Commons
358994,null,"Canadian Solar (USA), Inc.",2017-01-31,Climate,Climat,House of Commons
358994,null,"Canadian Solar (USA), Inc.",2017-01-31,Climate,Climat,"Innovation, Science and Economic Development Canada"
358994,null,"Canadian Solar (USA), Inc.",2017-01-31,Climate,Climat,Natural Resources Canada (NRCan)
358994,null,"Canadian Solar (USA), Inc.",2017-01-31,Climate,Climat,House of Commons
358378,null,CircuitMeter,2017-02-02,Climate,Climate,House of Commons
269143,Équiterre,null,2017-01-31,Climate,Climat,Finance Canada (FIN)
358099,Le Fonds Atmosphérique,The Atmospheric Fund,2017-01-12,Climate,Climate,Natural Resources Canada (NRCan)
358816,Groupe PureSphera inc.,null,2017-02-14,Climate,Climat,Environment and Climate Change Canada
357265,Bureau D'Assurance du Canada,Insurance Bureau of Canada,2017-01-06,Climate,Climate,Finance Canada (FIN)
357265,Bureau D'Assurance du Canada,Insurance Bureau of Canada,2017-01-27,Climate,Climate,Finance Canada (FIN)
357265,Bureau D'Assurance du Canada,Insurance Bureau of Canada,2017-01-30,Climate,Climate,Finance Canada (FIN)
237921,Conseil du bâtiment durable du Canada.,Canada Green Building Council,2017-01-27,Climate,Climate,Treasury Board Of Canada Secretariat (TBS)
270204,null,Teck Resources Limited,2017-01-31,Climate,Climate,Environment and Climate Change Canada
15787,La Chambre de commerce du Canada,Canadian Chamber of Commerce,2017-02-28,Climate,Climate,House of Commons
358383,null,The Canadian Geothermal Energy Association (CanGEA),2017-02-27,Climate,Climate,Environment and Climate Change Canada
359259,null,EcoJustice,2017-02-23,Climate,Climate,House of Commons
359393,null,Canadian Solar Industries Association,2017-03-06,Climate,Climate,Natural Resources Canada (NRCan)
358378,null,CircuitMeter,2017-03-06,Climate,Climate,Natural Resources Canada (NRCan)
269143,Équiterre,null,2017-02-06,Climate,Climat,Health Canada (HC)
269143,Équiterre,null,2017-02-24,Climate,Climat,Environment and Climate Change Canada
269143,Équiterre,null,2017-02-06,Climate,Climat,House of Commons
269143,Équiterre,null,2017-02-06,Climate,Climat,House of Commons
269143,Équiterre,null,2017-02-06,Climate,Climat,House of Commons
359303,null,Sustainable Waterloo Region,2017-02-28,Climate,Climate,House of Commons
358233,null,Canadian Canola Growers Association,2017-02-16,Climate,Climate,House of Commons
358099,Le Fonds Atmosphérique,The Atmospheric Fund,2017-02-01,Climate,Climate,Infrastructure Canada
358099,Le Fonds Atmosphérique,The Atmospheric Fund,2017-02-22,Climate,Climate,Natural Resources Canada (NRCan)
237921,Conseil du bâtiment durable du Canada.,Canada Green Building Council,2017-02-02,Climate,Climate,Natural Resources Canada (NRCan)
237921,Conseil du bâtiment durable du Canada.,Canada Green Building Council,2017-02-08,Climate,Climate,Environment and Climate Change Canada
357757,null,Council of Canadian Innovators,2017-02-15,Climate,Climate,"Innovation, Science and Economic Development Canada"
15758,null,ENMAX Corporation,2017-02-24,Climate,Climate,Infrastructure Canada
15787,La Chambre de commerce du Canada,Canadian Chamber of Commerce,2017-02-27,Climate,Climate,Environment and Climate Change Canada
5215,Suncor Énergie Inc.,Suncor Energy Inc.,2017-02-15,Climate,Climate,Environment and Climate Change Canada
318765,A L'action,LeadNow Society,2016-11-23,Climate,Climate,Environment and Climate Change Canada
357540,null,ALUS Canada,2017-04-06,Climate,Climate,Natural Resources Canada (NRCan)
286266,null,Canadian Natural Resources Limited,2017-04-04,Climate,Climate,Environment and Climate Change Canada
286266,null,Canadian Natural Resources Limited,2017-04-04,Climate,Climate,Natural Resources Canada (NRCan)
359303,null,Sustainable Waterloo Region,2017-03-31,Climate,Climate,House of Commons
226641,Association Canadienne des Producteurs Pétroliers,Canadian Association of Petroleum Producers,2017-03-08,Climate,Climate,"Innovation, Science and Economic Development Canada"
270204,null,Teck Resources Limited,2017-03-23,Climate,Climate,Environment and Climate Change Canada
270204,null,Teck Resources Limited,2017-03-24,Climate,Climate,Privy Council Office (PCO)
270204,null,Teck Resources Limited,2017-03-24,Climate,Climate,Finance Canada (FIN)
357757,null,Council of Canadian Innovators,2017-03-10,Climate,Climate,Environment and Climate Change Canada
357757,null,Council of Canadian Innovators,2017-03-15,Climate,Climate,Environment and Climate Change Canada
357757,null,Council of Canadian Innovators,2017-03-21,Climate,Climate,"Innovation, Science and Economic Development Canada"
357757,null,Council of Canadian Innovators,2017-03-24,Climate,Climate,"Innovation, Science and Economic Development Canada"
359554,Corporation Rain Tree,Raintree Corporation,2017-03-30,Climate,Climat,Global Affairs Canada
359554,Corporation Rain Tree,Raintree Corporation,2017-03-30,Climate,Climat,Export Development Canada (EDC)
359554,Corporation Rain Tree,Raintree Corporation,2017-03-30,Climate,Climat,Canadian Commercial Corporation (CCC)
359554,Corporation Rain Tree,Raintree Corporation,2017-03-30,Climate,Climat,Global Affairs Canada
359554,Corporation Rain Tree,Raintree Corporation,2017-03-31,Climate,Climat,Natural Resources Canada (NRCan)
359655,null,Tesla Motors Canada ULC,2017-04-24,Climate,Climate,Environment and Climate Change Canada
278084,null,Loblaw Companies Limited,2017-04-21,Climate,Climate,House of Commons
269143,Équiterre,null,2017-04-03,Climate,Climat,Environment and Climate Change Canada
269143,Équiterre,null,2017-04-07,Climate,Climat,Environment and Climate Change Canada
269143,Équiterre,null,2017-04-18,Climate,Climat,Transport Canada (TC)
355387,null,NextEra Canada Development LP,2017-04-06,Climate,Climate,Natural Resources Canada (NRCan)
355387,null,NextEra Canada Development LP,2017-04-06,Climate,Climate,Infrastructure Canada
5997,Groupe Co-operators limitée,The Co-operators Group Ltd.,2017-04-04,Climate,Climate,Environment and Climate Change Canada
359868,null,H2GO Canada Inc.,2017-04-27,Climate,Climate,Infrastructure Canada
359868,null,H2GO Canada Inc.,2017-04-27,Climate,Climate,Transport Canada (TC)
359868,null,H2GO Canada Inc.,2017-04-27,Climate,Climate,Treasury Board Of Canada Secretariat (TBS)
359869,null,H2GO Canada Inc.,2017-04-27,Climate,Climate,Infrastructure Canada
359869,null,H2GO Canada Inc.,2017-04-27,Climate,Climate,Transport Canada (TC)
359869,null,H2GO Canada Inc.,2017-04-27,Climate,Climate,Treasury Board Of Canada Secretariat (TBS)
237921,Conseil du bâtiment durable du Canada.,Canada Green Building Council,2017-04-12,Climate,Climate,Public Services and Procurement Canada
4669,null,PEMBINA INSTITUTE,2017-04-24,Climate,Climate,Environment and Climate Change Canada
359655,null,Tesla Motors Canada ULC,2017-05-17,Climate,Climate,Environment and Climate Change Canada
359655,null,Tesla Motors Canada ULC,2017-05-17,Climate,Climate,Natural Resources Canada (NRCan)
359655,null,Tesla Motors Canada ULC,2017-05-17,Climate,Climate,Transport Canada (TC)
359655,null,Tesla Motors Canada ULC,2017-05-17,Climate,Climate,Treasury Board Of Canada Secretariat (TBS)
359655,null,Tesla Motors Canada ULC,2017-05-17,Climate,Climate,Prime Minister's Office (PMO)
357113,null,Natural Resources Defense Council,2017-04-25,Climate,Climate,Environment and Climate Change Canada
225001,null,ConocoPhillips Canada Resources Corp.,2017-05-29,Climate,Climate,Environment and Climate Change Canada
360006,Association des fabricants d'appareils électroménagers Canada,Association of Home Appliance Manufacturers Canada,2017-04-13,Climate,Climate,Senate of Canada
359798,Association canadienne de L'énergie éolienne,Canadian Wind Energy Association,2017-05-17,Climate,Climate,House of Commons
359798,Association canadienne de L'énergie éolienne,Canadian Wind Energy Association,2017-05-17,Climate,Climate,Privy Council Office (PCO)
359798,Association canadienne de L'énergie éolienne,Canadian Wind Energy Association,2017-05-18,Climate,Climate,House of Commons
359798,Association canadienne de L'énergie éolienne,Canadian Wind Energy Association,2017-05-18,Climate,Climate,Infrastructure Canada
359798,Association canadienne de L'énergie éolienne,Canadian Wind Energy Association,2017-05-17,Climate,Climate,Environment and Climate Change Canada
359144,null,MaRS Discovery District,2017-05-25,Climate,Climate,Natural Resources Canada (NRCan)
359144,null,MaRS Discovery District,2017-05-25,Climate,Climate,Treasury Board Of Canada Secretariat (TBS)
269143,Équiterre,null,2017-05-17,Climate,Climat,Environment and Climate Change Canada
359865,null,North Atlantic Refinery Ltd.,2017-05-30,Climate,Climate,Environment and Climate Change Canada
359865,null,North Atlantic Refinery Ltd.,2017-05-30,Climate,Climate,House of Commons
355387,null,NextEra Canada Development LP,2017-05-01,Climate,Climate,Natural Resources Canada (NRCan)
15758,null,ENMAX Corporation,2017-05-29,Climate,Climate,Environment and Climate Change Canada
15758,null,ENMAX Corporation,2017-05-29,Climate,Climate,Environment and Climate Change Canada
359655,null,Tesla Motors Canada ULC,2017-05-24,Climate,Climate,Transport Canada (TC)
359655,null,Tesla Motors Canada ULC,2017-05-24,Climate,Climate,Environment and Climate Change Canada
357697,null,"REPSOL, SA",2017-05-09,Climate,Climate,Environment and Climate Change Canada
15673,Association canadienne des carburants,Canadian Fuels Association,2017-05-18,Climate,Climate,Environment and Climate Change Canada
237921,Conseil du bâtiment durable du Canada.,Canada Green Building Council,2017-05-18,Climate,Climate,Natural Resources Canada (NRCan)
357805,null,Mosaic,2017-05-25,Climate,Climate,Natural Resources Canada (NRCan)
357805,null,Mosaic,2017-05-24,Climate,Climate,Environment and Climate Change Canada
196,Citoyens pour une politique juste,Citizens for Public Justice,2017-05-04,Climate,Climate,House of Commons
196,Citoyens pour une politique juste,Citizens for Public Justice,2017-05-09,Climate,Climate,House of Commons
196,Citoyens pour une politique juste,Citizens for Public Justice,2017-06-05,Climate,Climate,House of Commons
196,Citoyens pour une politique juste,Citizens for Public Justice,2017-06-16,Climate,Climate,House of Commons
269143,Équiterre,null,2017-06-06,Climate,Climat,Prime Minister's Office (PMO)
269143,Équiterre,null,2017-06-08,Climate,Climat,"Innovation, Science and Economic Development Canada"
269143,Équiterre,null,2017-06-14,Climate,Climat,Prime Minister's Office (PMO)
355387,null,NextEra Canada Development LP,2017-06-26,Climate,Climate,Infrastructure Canada
355387,null,NextEra Canada Development LP,2017-06-26,Climate,Climate,Infrastructure Canada
223484,null,Nova Scotia Power Incorporated,2017-06-27,Climate,Climate,Environment and Climate Change Canada
237921,Conseil du bâtiment durable du Canada.,Canada Green Building Council,2017-06-14,Climate,Climate,Natural Resources Canada (NRCan)
237921,Conseil du bâtiment durable du Canada.,Canada Green Building Council,2017-06-28,Climate,Climate,Environment and Climate Change Canada
237921,Conseil du bâtiment durable du Canada.,Canada Green Building Council,2017-06-29,Climate,Climate,Employment and Social Development Canada (ESDC)
359884,null,The International CCS Knowledge Centre,2017-06-28,Climate,Climate,Environment and Climate Change Canada
359884,null,The International CCS Knowledge Centre,2017-06-28,Climate,Climate,Environment and Climate Change Canada
357516,null,"Covanta Burnaby Renewable Energy, ULC",2017-06-14,Climate,Climate,Public Services and Procurement Canada
357516,null,"Covanta Burnaby Renewable Energy, ULC",2017-06-14,Climate,Climate,Environment and Climate Change Canada
360030,null,S2E Technologies Inc.,2017-06-20,Climate,Climate,Canadian Northern Economic Development Agency (CanNor)
360030,null,S2E Technologies Inc.,2017-06-20,Climate,Climate,Canadian Northern Economic Development Agency (CanNor)
286266,null,Canadian Natural Resources Limited,2017-07-20,Climate,Climate,Environment and Climate Change Canada
286266,null,Canadian Natural Resources Limited,2017-07-20,Climate,Climate,Environment and Climate Change Canada
286266,null,Canadian Natural Resources Limited,2017-07-20,Climate,Climate,Natural Resources Canada (NRCan)
360071,Toyota Canada Inc. (via Casacom),Toyota Canada Inc. (through Casacom),2017-07-04,Climate,Climate,"Innovation, Science and Economic Development Canada"
360071,Toyota Canada Inc. (via Casacom),Toyota Canada Inc. (through Casacom),2017-07-27,Climate,Climate,"Innovation, Science and Economic Development Canada"
359865,null,North Atlantic Refinery Ltd.,2017-07-25,Climate,Climate,Environment and Climate Change Canada
359655,null,Tesla Motors Canada ULC,2017-07-17,Climate,Climate,Natural Resources Canada (NRCan)
5215,Suncor Énergie Inc.,Suncor Energy Inc.,2017-07-11,Climate,Climate,Environment and Climate Change Canada
357556,Conseil du batiment durable au Canada,Canada Green Building Council,2017-08-30,Climate,Climate,Environment and Climate Change Canada
15673,Association canadienne des carburants,Canadian Fuels Association,2017-08-31,Climate,Climate,Environment and Climate Change Canada
16634,null,BUSINESS COUNCIL OF BRITISH COLUMBIA,2017-08-24,Climate,Climate,Environment and Climate Change Canada
359655,null,Tesla Motors Canada ULC,2017-08-28,Climate,Climate,Transport Canada (TC)
359655,null,Tesla Motors Canada ULC,2017-08-30,Climate,Climate,Transport Canada (TC)
269143,Équiterre,null,2017-08-02,Climate,Climat,Transport Canada (TC)
269143,Équiterre,null,2017-08-02,Climate,Climat,"Innovation, Science and Economic Development Canada"
5215,Suncor Énergie Inc.,Suncor Energy Inc.,2017-08-23,Climate,Climate,Environment and Climate Change Canada
237921,Conseil du bâtiment durable du Canada.,Canada Green Building Council,2017-08-30,Climate,Climate,Environment and Climate Change Canada
237921,Conseil du bâtiment durable du Canada.,Canada Green Building Council,2017-08-31,Climate,Climate,Environment and Climate Change Canada
359303,null,Sustainable Waterloo Region,2017-08-17,Climate,Climate,House of Commons
359303,null,Sustainable Waterloo Region,2017-08-23,Climate,Climate,House of Commons
359303,null,Sustainable Waterloo Region,2017-09-12,Climate,Climate,House of Commons
359303,null,Sustainable Waterloo Region,2017-09-12,Climate,Climate,House of Commons
286266,null,Canadian Natural Resources Limited,2017-09-26,Climate,Climate,Environment and Climate Change Canada
360549,null,Federated Co-operatives Limited,2017-09-26,Climate,Climate,Prime Minister's Office (PMO)
359865,null,North Atlantic Refinery Ltd.,2017-09-20,Climate,Climate,House of Commons
359865,null,North Atlantic Refinery Ltd.,2017-09-21,Climate,Climate,Environment and Climate Change Canada
269143,Équiterre,null,2017-09-21,Climate,Climat,Natural Resources Canada (NRCan)
269143,Équiterre,null,2017-09-26,Climate,Climat,Environment and Climate Change Canada
16634,null,BUSINESS COUNCIL OF BRITISH COLUMBIA,2017-09-28,Climate,Climate,National Energy Board (NEB)
359655,null,Tesla Motors Canada ULC,2017-10-11,Climate,Climate,Transport Canada (TC)
359655,null,Tesla Motors Canada ULC,2017-10-05,Climate,Climate,Transport Canada (TC)
359655,null,Tesla Motors Canada ULC,2017-09-28,Climate,Climate,Natural Resources Canada (NRCan)
286266,null,Canadian Natural Resources Limited,2017-10-06,Climate,Climate,Environment and Climate Change Canada
360352,null,AltaGas Ltd.,2017-09-25,Climate,Climate,Environment and Climate Change Canada
360352,null,AltaGas Ltd.,2017-09-26,Climate,Climate,Natural Resources Canada (NRCan)
360352,null,AltaGas Ltd.,2017-09-26,Climate,Climate,Environment and Climate Change Canada
196,Citoyens pour une politique juste,Citizens for Public Justice,2017-10-03,Climate,Climate,House of Commons
196,Citoyens pour une politique juste,Citizens for Public Justice,2017-10-17,Climate,Climate,House of Commons
319385,null,Terra International (Canada) Inc.,2017-10-02,Climate,Climate,Environment and Climate Change Canada
360892,Le Groupe Océan Inc.,Ocean Group Inc.,2017-10-17,Climate,Climate,Global Affairs Canada
360921,The Optical Society (OSA),The Optical Society (OSA),2017-10-19,Climate,Climate,Natural Resources Canada (NRCan)
333106,Association canadienne du ciment,Cement Association of Canada,2017-10-17,Climate,Climate,House of Commons
333106,Association canadienne du ciment,Cement Association of Canada,2017-10-17,Climate,Climate,House of Commons
333106,Association canadienne du ciment,Cement Association of Canada,2017-10-17,Climate,Climate,Natural Resources Canada (NRCan)
333106,Association canadienne du ciment,Cement Association of Canada,2017-10-17,Climate,Climate,House of Commons
333106,Association canadienne du ciment,Cement Association of Canada,2017-10-18,Climate,Climate,House of Commons
136,Association des produits forestiers du Canada,Forest Products Association of Canada,2017-10-23,Climate,Climate,House of Commons
360942,The Optical Society (OSA),The Optical Society (OSA),2017-10-19,Climate,Climate,Natural Resources Canada (NRCan)
357516,null,"Covanta Burnaby Renewable Energy, ULC",2017-11-02,Climate,Climate,House of Commons
225001,null,ConocoPhillips Canada Resources Corp.,2017-10-10,Climate,Climate,Environment and Climate Change Canada
358646,null,Domtar Inc.,2017-10-17,Climate,Climate,Environment and Climate Change Canada
359448,null,BHE Canada L.P.,2017-10-05,Climate,Climate,Environment and Climate Change Canada
357526,null,MasonryWorx,2017-10-17,Climate,Climate,House of Commons
357526,null,MasonryWorx,2017-10-17,Climate,Climate,House of Commons
357526,null,MasonryWorx,2017-10-18,Climate,Climate,House of Commons
357526,null,MasonryWorx,2017-10-18,Climate,Climate,House of Commons
358233,null,Canadian Canola Growers Association,2017-11-07,Climate,Climate,House of Commons
355387,null,NextEra Canada Development LP,2017-10-26,Climate,Climate,Natural Resources Canada (NRCan)
237921,Conseil du bâtiment durable du Canada.,Canada Green Building Council,2017-10-19,Climate,Climate,Finance Canada (FIN)
237921,Conseil du bâtiment durable du Canada.,Canada Green Building Council,2017-10-20,Climate,Climate,Treasury Board Of Canada Secretariat (TBS)
360320,null,Samsung Renewable Energy Inc.,2017-10-17,Climate,Climate,Environment and Climate Change Canada
360796,null,Agrisoma Biosciences Inc.,2017-10-16,Climate,Climate,House of Commons
359655,null,Tesla Motors Canada ULC,2017-10-10,Climate,Climate,Transport Canada (TC)
360900,null,Nsolv Corporation,2017-10-26,Climate,Climate,Environment and Climate Change Canada
360900,null,Nsolv Corporation,2017-10-26,Climate,Climate,Natural Resources Canada (NRCan)
360900,null,Nsolv Corporation,2017-10-26,Climate,Climate,"Innovation, Science and Economic Development Canada"
269143,Équiterre,null,2017-10-16,Climate,Climat,Prime Minister's Office (PMO)
269143,Équiterre,null,2017-10-25,Climate,Climat,Transport Canada (TC)
360833,null,Nsolv Corporation,2017-10-26,Climate,Climate,Environment and Climate Change Canada
360416,Mobilité Électrique Canada,Electric Mobility Canada,2017-09-25,Climate,Climate,Transport Canada (TC)
360416,Mobilité Électrique Canada,Electric Mobility Canada,2017-11-07,Climate,Climate,House of Commons
360416,Mobilité Électrique Canada,Electric Mobility Canada,2017-10-11,Climate,Climate,Prime Minister's Office (PMO)
360933,Lobby Climatique des Citoyens,Citizens' Climate Lobby Canada,2017-10-23,Climate,Climate,Senate of Canada
360933,Lobby Climatique des Citoyens,Citizens' Climate Lobby Canada,2017-10-23,Climate,Climate,House of Commons
360933,Lobby Climatique des Citoyens,Citizens' Climate Lobby Canada,2017-10-12,Climate,Climate,House of Commons
360933,Lobby Climatique des Citoyens,Citizens' Climate Lobby Canada,2017-10-24,Climate,Climate,House of Commons
360933,Lobby Climatique des Citoyens,Citizens' Climate Lobby Canada,2017-10-24,Climate,Climate,Senate of Canada
360933,Lobby Climatique des Citoyens,Citizens' Climate Lobby Canada,2017-10-24,Climate,Climate,House of Commons
360933,Lobby Climatique des Citoyens,Citizens' Climate Lobby Canada,2017-10-23,Climate,Climate,House of Commons
12699,L'association minière du Canada (AMC),The Mining Association of Canada (MAC),2017-10-11,Climate,Climate,Environment and Climate Change Canada
359655,null,Tesla Motors Canada ULC,2017-11-29,Climate,Climate,Environment and Climate Change Canada
359655,null,Tesla Motors Canada ULC,2017-11-29,Climate,Climate,Environment and Climate Change Canada
359655,null,Tesla Motors Canada ULC,2017-11-29,Climate,Climate,Transport Canada (TC)
359655,null,Tesla Motors Canada ULC,2017-11-16,Climate,Climate,Transport Canada (TC)
269143,Équiterre,null,2017-11-06,Climate,Climat,Prime Minister's Office (PMO)
269143,Équiterre,null,2017-11-30,Climate,Climat,Prime Minister's Office (PMO)
4373,null,KRUGER INC.,2017-12-12,Climate,Climate,"Innovation, Science and Economic Development Canada"
286266,null,Canadian Natural Resources Limited,2017-11-07,Climate,Climate,House of Commons
286266,null,Canadian Natural Resources Limited,2017-11-07,Climate,Climate,House of Commons
286266,null,Canadian Natural Resources Limited,2017-11-07,Climate,Climate,House of Commons
286266,null,Canadian Natural Resources Limited,2017-11-07,Climate,Climate,Canadian Heritage (PCH)
286266,null,Canadian Natural Resources Limited,2017-11-07,Climate,Climate,House of Commons
286266,null,Canadian Natural Resources Limited,2017-11-07,Climate,Climate,House of Commons
357805,null,Mosaic,2017-11-24,Climate,Climate,Canadian Environmental Assessment Agency (CEAA)
220101,null,Rio Tinto Aluminium,2017-11-01,Climate,Climate,"Innovation, Science and Economic Development Canada"
220101,null,Rio Tinto Aluminium,2017-11-01,Climate,Climate,Global Affairs Canada
360549,null,Federated Co-operatives Limited,2017-12-01,Climate,Climate,Public Services and Procurement Canada
360579,Laboratoires Nucléaires Canadiens,Canadian Nuclear Laboratories,2017-12-07,Climate,Climate,Prime Minister's Office (PMO)
5215,Suncor Énergie Inc.,Suncor Energy Inc.,2017-12-12,Climate,Climate,Environment and Climate Change Canada
359655,null,Tesla Motors Canada ULC,2017-12-05,Climate,Climate,Prime Minister's Office (PMO)
359655,null,Tesla Motors Canada ULC,2017-12-08,Climate,Climate,Prime Minister's Office (PMO)
330086,null,"IATSE (International Alliance of Theatrical Stage Employees, Moving Picture Technicians, Artists and Allied Crafts of the United States, its Territories and Canada)",2018-01-10,Climate,Climate,Environment and Climate Change Canada
237921,Conseil du bâtiment durable du Canada.,Canada Green Building Council,2017-12-12,Climate,Climate,Infrastructure Canada
269143,Équiterre,null,2017-12-20,Climate,Climat,Environment and Climate Change Canada
273726,AIEST - Alliance Internationale des Employes de Scene et de Theatre,IATSE - International Alliance of Theatrical Stage Employees,2018-01-10,Climate,Climate,Environment and Climate Change Canada
359259,null,EcoJustice,2018-01-22,Climate,Climate,Natural Resources Canada (NRCan)
360919,CONOCO PHILLIPS CANADA,CONOCO PHILLIPS CANADA,2018-01-12,Climate,Climate,Natural Resources Canada (NRCan)
360549,null,Federated Co-operatives Limited,2018-01-09,Climate,Climate,Environment and Climate Change Canada
360549,null,Federated Co-operatives Limited,2018-01-17,Climate,Climate,Natural Resources Canada (NRCan)
360549,null,Federated Co-operatives Limited,2018-01-19,Climate,Climate,"Innovation, Science and Economic Development Canada"
360549,null,Federated Co-operatives Limited,2018-01-23,Climate,Climate,Public Services and Procurement Canada
359303,null,Sustainable Waterloo Region,2018-01-30,Climate,Climate,Treasury Board Of Canada Secretariat (TBS)
359303,null,Sustainable Waterloo Region,2018-01-30,Climate,Climate,House of Commons
359303,null,Sustainable Waterloo Region,2018-01-30,Climate,Climate,"Innovation, Science and Economic Development Canada"
359303,null,Sustainable Waterloo Region,2018-01-30,Climate,Climate,House of Commons
359303,null,Sustainable Waterloo Region,2018-01-31,Climate,Climate,Public Services and Procurement Canada
359655,null,Tesla Motors Canada ULC,2018-01-22,Climate,Climate,Prime Minister's Office (PMO)
360708,Toyota Canada Inc. (via Casacom),Toyota Canada Inc. (through Casacom),2018-01-12,Climate,Climate,Transport Canada (TC)
359655,null,Tesla Motors Canada ULC,2018-01-17,Climate,Climate,Environment and Climate Change Canada
237921,Conseil du bâtiment durable du Canada.,Canada Green Building Council,2018-01-11,Climate,Climate,Natural Resources Canada (NRCan)
344911,Evidence pour la democratie,Evidence for Democracy,2018-01-17,Climate,Climate,House of Commons
344911,Evidence pour la democratie,Evidence for Democracy,2018-01-24,Climate,Climate,Environment and Climate Change Canada
344911,Evidence pour la democratie,Evidence for Democracy,2018-01-30,Climate,Climate,House of Commons
344911,Evidence pour la democratie,Evidence for Democracy,2018-01-19,Climate,Climate,"Innovation, Science and Economic Development Canada"
344911,Evidence pour la democratie,Evidence for Democracy,2018-02-15,Climate,Climate,House of Commons
361110,null,Sustainable Waterloo Region,2018-01-31,Climate,Climate,Public Services and Procurement Canada
360416,Mobilité Électrique Canada,Electric Mobility Canada,2018-02-01,Climate,Climate,House of Commons
360416,Mobilité Électrique Canada,Electric Mobility Canada,2018-02-01,Climate,Climate,Treasury Board Of Canada Secretariat (TBS)
360416,Mobilité Électrique Canada,Electric Mobility Canada,2018-02-01,Climate,Climate,"Innovation, Science and Economic Development Canada"
360933,Lobby Climatique des Citoyens,Citizens' Climate Lobby Canada,2018-02-23,Climate,Climate,House of Commons
360933,Lobby Climatique des Citoyens,Citizens' Climate Lobby Canada,2018-02-24,Climate,Climate,House of Commons
358646,null,Domtar Inc.,2018-02-16,Climate,Climate,Natural Resources Canada (NRCan)
357113,null,Natural Resources Defense Council,2018-02-01,Climate,Climate,House of Commons
357113,null,Natural Resources Defense Council,2018-02-01,Climate,Climate,Natural Resources Canada (NRCan)
357113,null,Natural Resources Defense Council,2018-02-01,Climate,Climate,Prime Minister's Office (PMO)
357113,null,Natural Resources Defense Council,2018-02-01,Climate,Climate,Environment and Climate Change Canada
269143,Équiterre,null,2018-02-06,Climate,Climat,"Innovation, Science and Economic Development Canada"
269143,Équiterre,null,2018-02-18,Climate,Climat,Prime Minister's Office (PMO)
269143,Équiterre,null,2018-02-20,Climate,Climat,Environment and Climate Change Canada
269143,Équiterre,null,2018-02-28,Climate,Climat,House of Commons
360549,null,Federated Co-operatives Limited,2018-02-08,Climate,Climate,Environment and Climate Change Canada
360549,null,Federated Co-operatives Limited,2018-02-12,Climate,Climate,Environment and Climate Change Canada
360549,null,Federated Co-operatives Limited,2018-02-23,Climate,Climate,Environment and Climate Change Canada
360409,null,Clean Resource Innovation Network,2018-02-06,Climate,Climate,House of Commons
359884,null,The International CCS Knowledge Centre,2018-02-21,Climate,Climate,Natural Resources Canada (NRCan)
359884,null,The International CCS Knowledge Centre,2018-02-27,Climate,Climate,Environment and Climate Change Canada
355387,null,NextEra Canada Development LP,2018-02-27,Climate,Climate,Environment and Climate Change Canada
355387,null,NextEra Canada Development LP,2018-02-26,Climate,Climate,Natural Resources Canada (NRCan)
357255,Industries Renouvelables Canada,Renewable Industries Canada,2018-02-26,Climate,Climate,House of Commons
244722,null,The Pollution Probe Foundation,2018-02-15,Climate,Climate,Prime Minister's Office (PMO)
237921,Conseil du bâtiment durable du Canada.,Canada Green Building Council,2018-02-26,Climate,Climate,Environment and Climate Change Canada
361784,null,Michelin North America (Canada) Inc.,2018-03-21,Climate,Climate,Environment and Climate Change Canada
268603,Association canadienne de L'hydroélectricité,Canadian Hydropower Association,2018-03-21,Climate,Climate,Environment and Climate Change Canada
359393,null,Canadian Solar Industries Association,2018-03-23,Climate,Climate,Environment and Climate Change Canada
358175,null,Energy Storage Canada,2018-03-23,Climate,Climate,Environment and Climate Change Canada
359303,null,Sustainable Waterloo Region,2018-03-15,Climate,Climate,House of Commons
269143,Équiterre,null,2018-03-27,Climate,Climat,House of Commons
269143,Équiterre,null,2018-03-27,Climate,Climat,House of Commons
360549,null,Federated Co-operatives Limited,2018-03-01,Climate,Climate,Environment and Climate Change Canada
360549,null,Federated Co-operatives Limited,2018-03-01,Climate,Climate,House of Commons
360549,null,Federated Co-operatives Limited,2018-03-23,Climate,Climate,Environment and Climate Change Canada
286266,null,Canadian Natural Resources Limited,2018-03-01,Climate,Climate,Natural Resources Canada (NRCan)
286266,null,Canadian Natural Resources Limited,2018-03-01,Climate,Climate,Prime Minister's Office (PMO)
286266,null,Canadian Natural Resources Limited,2018-03-01,Climate,Climate,Environment and Climate Change Canada
237921,Conseil du bâtiment durable du Canada.,Canada Green Building Council,2018-03-09,Climate,Climate,Natural Resources Canada (NRCan)
359655,null,Tesla Motors Canada ULC,2018-03-21,Climate,Climate,Environment and Climate Change Canada
361156,null,Carbon Engineering Ltd.,2018-03-08,Climate,Climate,Environment and Climate Change Canada
359655,null,Tesla Motors Canada ULC,2018-03-22,Climate,Climate,Natural Resources Canada (NRCan)
361156,null,Carbon Engineering Ltd.,2018-03-08,Climate,Climate,Natural Resources Canada (NRCan)
361156,null,Carbon Engineering Ltd.,2018-03-08,Climate,Climate,"Innovation, Science and Economic Development Canada"
361156,null,Carbon Engineering Ltd.,2018-03-08,Climate,Climate,"Innovation, Science and Economic Development Canada"
361156,null,Carbon Engineering Ltd.,2018-03-14,Climate,Climate,House of Commons
361156,null,Carbon Engineering Ltd.,2018-03-14,Climate,Climate,Environment and Climate Change Canada
223484,null,Nova Scotia Power Incorporated,2018-03-21,Climate,Climate,Environment and Climate Change Canada
355387,null,NextEra Canada Development LP,2018-03-27,Climate,Climate,Infrastructure Canada
15673,Association canadienne des carburants,Canadian Fuels Association,2018-03-12,Climate,Climate,Prime Minister's Office (PMO)
358175,null,Energy Storage Canada,2018-04-18,Climate,Climate,Natural Resources Canada (NRCan)
358233,null,Canadian Canola Growers Association,2018-04-17,Climate,Climate,Environment and Climate Change Canada
269143,Équiterre,null,2018-04-17,Climate,Climat,Finance Canada (FIN)
269143,Équiterre,null,2018-04-17,Climate,Climat,Natural Resources Canada (NRCan)
269143,Équiterre,null,2018-04-17,Climate,Climat,Environment and Climate Change Canada
269143,Équiterre,null,2018-04-24,Climate,Climat,Environment and Climate Change Canada
269143,Équiterre,null,2018-04-04,Climate,Climat,Environment and Climate Change Canada
361813,null,"Proterra, Inc.",2018-04-24,Climate,Climate,House of Commons
361813,null,"Proterra, Inc.",2018-04-25,Climate,Climate,House of Commons
361813,null,"Proterra, Inc.",2018-04-25,Climate,Climate,House of Commons
358175,null,Energy Storage Canada,2018-05-04,Climate,Climate,Natural Resources Canada (NRCan)
15673,Association canadienne des carburants,Canadian Fuels Association,2018-04-25,Climate,Climate,Environment and Climate Change Canada
15673,Association canadienne des carburants,Canadian Fuels Association,2018-04-05,Climate,Climate,Finance Canada (FIN)
15673,Association canadienne des carburants,Canadian Fuels Association,2018-04-05,Climate,Climate,Finance Canada (FIN)
15673,Association canadienne des carburants,Canadian Fuels Association,2018-04-11,Climate,Climate,Prime Minister's Office (PMO)
15673,Association canadienne des carburants,Canadian Fuels Association,2018-04-10,Climate,Climate,Global Affairs Canada
15673,Association canadienne des carburants,Canadian Fuels Association,2018-04-11,Climate,Climate,"Innovation, Science and Economic Development Canada"
359655,null,Tesla Motors Canada ULC,2018-04-25,Climate,Climate,Natural Resources Canada (NRCan)
359655,null,Tesla Motors Canada ULC,2018-04-17,Climate,Climate,Natural Resources Canada (NRCan)
359655,null,Tesla Motors Canada ULC,2018-04-19,Climate,Climate,Natural Resources Canada (NRCan)
359655,null,Tesla Motors Canada ULC,2018-04-03,Climate,Climate,Environment and Climate Change Canada
360030,null,S2E Technologies Inc.,2018-04-25,Climate,Climate,Global Affairs Canada
13682,Comptables professionnels agréés du Canada (CPA Canada),Chartered Professional Accountants of Canada (CPA Canada),2018-04-16,Climate,Climate,Natural Resources Canada (NRCan)
360708,Toyota Canada Inc. (via Casacom),Toyota Canada Inc. (through Casacom),2018-04-23,Climate,Climate,Transport Canada (TC)
270204,null,Teck Resources Limited,2018-04-25,Climate,Climate,Environment and Climate Change Canada
361156,null,Carbon Engineering Ltd.,2018-04-26,Climate,Climate,Environment and Climate Change Canada
361156,null,Carbon Engineering Ltd.,2018-04-26,Climate,Climate,Environment and Climate Change Canada
12699,L'association minière du Canada (AMC),The Mining Association of Canada (MAC),2018-04-04,Climate,Climate,Environment and Climate Change Canada
360416,Mobilité Électrique Canada,Electric Mobility Canada,2018-04-25,Climate,Climate,House of Commons
360416,Mobilité Électrique Canada,Electric Mobility Canada,2018-04-25,Climate,Climate,Senate of Canada
360416,Mobilité Électrique Canada,Electric Mobility Canada,2018-04-25,Climate,Climate,House of Commons
360549,null,Federated Co-operatives Limited,2018-04-05,Climate,Climate,Public Safety Canada (PS)
360549,null,Federated Co-operatives Limited,2018-04-17,Climate,Climate,Environment and Climate Change Canada
360549,null,Federated Co-operatives Limited,2018-04-17,Climate,Climate,Public Services and Procurement Canada
359259,null,EcoJustice,2018-05-22,Climate,Climate,Environment and Climate Change Canada
359259,null,EcoJustice,2018-05-24,Climate,Climate,Environment and Climate Change Canada
362265,null,Federated Co-operatives Limited,2018-05-30,Climate,Climate,Environment and Climate Change Canada
358646,null,Domtar Inc.,2018-05-31,Climate,Climate,Natural Resources Canada (NRCan)
352826,null,Innergex Renewable Energy Inc.,2018-06-05,Climate,Climate,Indigenous and Northern Affairs Canada
352826,null,Innergex Renewable Energy Inc.,2018-06-05,Climate,Climate,House of Commons
359655,null,Tesla Motors Canada ULC,2018-05-22,Climate,Climate,Environment and Climate Change Canada
269143,Équiterre,null,2018-05-22,Climate,Climat,Environment and Climate Change Canada
360549,null,Federated Co-operatives Limited,2018-05-30,Climate,Climate,Agriculture and Agri-Food Canada (AAFC)
360549,null,Federated Co-operatives Limited,2018-05-30,Climate,Climate,Environment and Climate Change Canada
360549,null,Federated Co-operatives Limited,2018-05-30,Climate,Climate,"Innovation, Science and Economic Development Canada"
360549,null,Federated Co-operatives Limited,2018-05-30,Climate,Climate,Transport Canada (TC)
362156,null,Naikun Wind Energy Group Inc.,2018-06-05,Climate,Climate,Environment and Climate Change Canada
362156,null,Naikun Wind Energy Group Inc.,2018-06-05,Climate,Climate,House of Commons
362156,null,Naikun Wind Energy Group Inc.,2018-06-05,Climate,Climate,House of Commons
358099,Le Fonds Atmosphérique,The Atmospheric Fund,2018-05-04,Climate,Climate,Finance Canada (FIN)
359884,null,The International CCS Knowledge Centre,2018-05-24,Climate,Climate,Natural Resources Canada (NRCan)
359884,null,The International CCS Knowledge Centre,2018-05-24,Climate,Climate,House of Commons
360428,null,Heritage Gas Limited,2018-05-14,Climate,Climate,House of Commons
15673,Association canadienne des carburants,Canadian Fuels Association,2018-05-11,Climate,Climate,House of Commons
362368,null,Private Forest Landowners Association,2018-05-01,Climate,Climate,House of Commons
359426,Biocarburants avances Canada,Advanced Biofuels Canada,2018-05-03,Climate,Climate,Environment and Climate Change Canada
360088,null,CHAR Technologies,2018-05-31,Climate,Climate,House of Commons
223484,null,Nova Scotia Power Incorporated,2018-05-29,Climate,Climate,Environment and Climate Change Canada
268603,Association canadienne de L'hydroélectricité,Canadian Hydropower Association,2018-05-03,Climate,Climate,Environment and Climate Change Canada
268603,Association canadienne de L'hydroélectricité,Canadian Hydropower Association,2018-05-30,Climate,Climate,Environment and Climate Change Canada
360549,null,Federated Co-operatives Limited,2018-06-20,Climate,Climate,Public Services and Procurement Canada
360549,null,Federated Co-operatives Limited,2017-09-25,Climate,Climate,Environment and Climate Change Canada
359865,null,North Atlantic Refinery Ltd.,2018-06-08,Climate,Climate,Environment and Climate Change Canada
359865,null,North Atlantic Refinery Ltd.,2018-06-08,Climate,Climate,House of Commons
359865,null,North Atlantic Refinery Ltd.,2018-06-19,Climate,Climate,Environment and Climate Change Canada
359865,null,North Atlantic Refinery Ltd.,2018-07-06,Climate,Climate,House of Commons
15673,Association canadienne des carburants,Canadian Fuels Association,2018-06-26,Climate,Climate,Environment and Climate Change Canada
269143,Équiterre,null,2017-05-16,Climate,Climat,Environment and Climate Change Canada
360320,null,Samsung Renewable Energy Inc.,2018-06-20,Climate,Climate,Natural Resources Canada (NRCan)
360416,Mobilité Électrique Canada,Electric Mobility Canada,2018-06-01,Climate,Climate,Transport Canada (TC)
360416,Mobilité Électrique Canada,Electric Mobility Canada,2018-06-26,Climate,Climate,Transport Canada (TC)
360416,Mobilité Électrique Canada,Electric Mobility Canada,2018-06-26,Climate,Climate,Global Affairs Canada
360416,Mobilité Électrique Canada,Electric Mobility Canada,2018-06-26,Climate,Climate,"Innovation, Science and Economic Development Canada"
360428,null,Heritage Gas Limited,2018-06-08,Climate,Climate,House of Commons
360416,Mobilité Électrique Canada,Electric Mobility Canada,2018-06-26,Climate,Climate,Natural Resources Canada (NRCan)
360416,Mobilité Électrique Canada,Electric Mobility Canada,2018-06-26,Climate,Climate,Prime Minister's Office (PMO)
360428,null,Heritage Gas Limited,2018-06-20,Climate,Climate,Environment and Climate Change Canada
359655,null,Tesla Motors Canada ULC,2018-06-26,Climate,Climate,Environment and Climate Change Canada
359655,null,Tesla Motors Canada ULC,2018-06-21,Climate,Climate,Environment and Climate Change Canada
362005,null,TNC Canada,2018-06-13,Climate,Climate,Prime Minister's Office (PMO)
361156,null,Carbon Engineering Ltd.,2018-06-14,Climate,Climate,Environment and Climate Change Canada
362331,Greengate Power Corporation,Greengate Power Corporation,2018-06-19,Climate,Climate,"Innovation, Science and Economic Development Canada"
362052,null,Plastics Sustainability Coalition,2018-06-19,Climate,Climate,Environment and Climate Change Canada
362052,null,Plastics Sustainability Coalition,2018-06-19,Climate,Climate,House of Commons
362052,null,Plastics Sustainability Coalition,2018-06-19,Climate,Climate,Natural Resources Canada (NRCan)
362052,null,Plastics Sustainability Coalition,2018-06-19,Climate,Climate,House of Commons
362052,null,Plastics Sustainability Coalition,2018-06-20,Climate,Climate,Senate of Canada
359259,null,EcoJustice,2018-07-13,Climate,Climate,Environment and Climate Change Canada
359259,null,EcoJustice,2018-07-13,Climate,Climate,Environment and Climate Change Canada
358175,null,Energy Storage Canada,2018-07-12,Climate,Climate,Environment and Climate Change Canada
278084,null,Loblaw Companies Limited,2018-07-18,Climate,Climate,Transport Canada (TC)
362456,null,General Fusion Inc,2018-03-29,Climate,Climate,"Innovation, Science and Economic Development Canada"
362456,null,General Fusion Inc,2018-03-29,Climate,Climate,"Innovation, Science and Economic Development Canada"
362456,null,General Fusion Inc,2018-04-05,Climate,Climate,"Innovation, Science and Economic Development Canada"
362456,null,General Fusion Inc,2018-04-26,Climate,Climate,"Innovation, Science and Economic Development Canada"
362456,null,General Fusion Inc,2018-06-24,Climate,Climate,"Innovation, Science and Economic Development Canada"
362456,null,General Fusion Inc,2018-06-25,Climate,Climate,"Innovation, Science and Economic Development Canada"
362456,null,General Fusion Inc,2018-06-25,Climate,Climate,House of Commons
362456,null,General Fusion Inc,2018-06-27,Climate,Climate,"Innovation, Science and Economic Development Canada"
362456,null,General Fusion Inc,2018-06-28,Climate,Climate,"Innovation, Science and Economic Development Canada"
359259,null,EcoJustice,2018-07-24,Climate,Climate,Senate of Canada
362331,Greengate Power Corporation,Greengate Power Corporation,2018-07-06,Climate,Climate,Western Economic Diversification Canada (WD)
357795,null,Mohawk College,2018-07-19,Climate,Climate,House of Commons
360549,null,Federated Co-operatives Limited,2018-07-13,Climate,Climate,Environment and Climate Change Canada
360549,null,Federated Co-operatives Limited,2018-07-19,Climate,Climate,Environment and Climate Change Canada
360549,null,Federated Co-operatives Limited,2018-07-10,Climate,Climate,House of Commons
360549,null,Federated Co-operatives Limited,2018-07-10,Climate,Climate,House of Commons
358099,Le Fonds Atmosphérique,The Atmospheric Fund,2018-07-30,Climate,Climate,Natural Resources Canada (NRCan)
360708,Toyota Canada Inc. (via Casacom),Toyota Canada Inc. (through Casacom),2018-07-04,Climate,Climate,Transport Canada (TC)
359655,null,Tesla Motors Canada ULC,2018-07-12,Climate,Climate,Environment and Climate Change Canada
359655,null,Tesla Motors Canada ULC,2018-07-31,Climate,Climate,Environment and Climate Change Canada
362456,null,General Fusion Inc,2018-07-27,Climate,Climate,"Innovation, Science and Economic Development Canada"
362456,null,General Fusion Inc,2018-08-04,Climate,Climate,"Innovation, Science and Economic Development Canada"
286266,null,Canadian Natural Resources Limited,2018-07-05,Climate,Climate,Western Economic Diversification Canada (WD)
362023,Centre québécois du droit de L'environnement,Quebec Center for Environmental Law,2018-07-27,Climate,Climat,Environment and Climate Change Canada
362456,null,General Fusion Inc,2018-08-15,Climate,Climate,"Innovation, Science and Economic Development Canada"
362456,null,General Fusion Inc,2018-08-16,Climate,Climate,Environment and Climate Change Canada
279744,Reseau Action Climat Canada,Climate Action Network Canada,2018-07-03,Climate,Climate,Environment and Climate Change Canada
279744,Reseau Action Climat Canada,Climate Action Network Canada,2018-08-06,Climate,Climate,Environment and Climate Change Canada
279744,Reseau Action Climat Canada,Climate Action Network Canada,2018-08-09,Climate,Climate,Environment and Climate Change Canada
286266,null,Canadian Natural Resources Limited,2018-07-09,Climate,Climate,Global Affairs Canada
279744,Reseau Action Climat Canada,Climate Action Network Canada,2018-08-14,Climate,Climate,Environment and Climate Change Canada
361156,null,Carbon Engineering Ltd.,2018-07-27,Climate,Climate,Environment and Climate Change Canada
360549,null,Federated Co-operatives Limited,2018-07-19,Climate,Climate,Environment and Climate Change Canada
360549,null,Federated Co-operatives Limited,2018-07-17,Climate,Climate,Environment and Climate Change Canada
279744,Reseau Action Climat Canada,Climate Action Network Canada,2018-08-24,Climate,Climate,Environment and Climate Change Canada
279744,Reseau Action Climat Canada,Climate Action Network Canada,2018-08-13,Climate,Climate,Environment and Climate Change Canada
279744,Reseau Action Climat Canada,Climate Action Network Canada,2018-08-28,Climate,Climate,Environment and Climate Change Canada
279744,Reseau Action Climat Canada,Climate Action Network Canada,2018-08-29,Climate,Climate,Environment and Climate Change Canada
279744,Reseau Action Climat Canada,Climate Action Network Canada,2018-09-04,Climate,Climate,Environment and Climate Change Canada
359655,null,Tesla Motors Canada ULC,2018-08-28,Climate,Climate,Natural Resources Canada (NRCan)
359655,null,Tesla Motors Canada ULC,2018-08-28,Climate,Climate,Environment and Climate Change Canada
359655,null,Tesla Motors Canada ULC,2018-08-31,Climate,Climate,Environment and Climate Change Canada
359655,null,Tesla Motors Canada ULC,2018-08-01,Climate,Climate,Environment and Climate Change Canada
359655,null,Tesla Motors Canada ULC,2018-08-30,Climate,Climate,Environment and Climate Change Canada
360549,null,Federated Co-operatives Limited,2018-08-14,Climate,Climate,Environment and Climate Change Canada
360549,null,Federated Co-operatives Limited,2018-08-14,Climate,Climate,Natural Resources Canada (NRCan)
360549,null,Federated Co-operatives Limited,2018-08-15,Climate,Climate,Environment and Climate Change Canada
360549,null,Federated Co-operatives Limited,2018-08-15,Climate,Climate,House of Commons
359884,null,The International CCS Knowledge Centre,2018-08-20,Climate,Climate,House of Commons
359884,null,The International CCS Knowledge Centre,2018-08-20,Climate,Climate,Natural Resources Canada (NRCan)
286266,null,Canadian Natural Resources Limited,2018-08-16,Climate,Climate,Finance Canada (FIN)
286266,null,Canadian Natural Resources Limited,2018-08-16,Climate,Climate,Natural Resources Canada (NRCan)
15673,Association canadienne des carburants,Canadian Fuels Association,2018-08-15,Climate,Climate,"Innovation, Science and Economic Development Canada"
358783,null,Inter Pipeline Ltd.,2018-08-23,Climate,Climate,Environment and Climate Change Canada
362023,Centre québécois du droit de L'environnement,Quebec Center for Environmental Law,2018-08-08,Climate,Climat,Environment and Climate Change Canada
362265,null,Federated Co-operatives Limited,2018-09-14,Climate,Climate,Natural Resources Canada (NRCan)
362265,null,Federated Co-operatives Limited,2018-09-14,Climate,Climate,Finance Canada (FIN)
362902,null,Electricity Distributors Association,2018-09-24,Climate,Climate,Environment and Climate Change Canada
362902,null,Electricity Distributors Association,2018-09-24,Climate,Climate,Environment and Climate Change Canada
359655,null,Tesla Motors Canada ULC,2018-09-04,Climate,Climate,Environment and Climate Change Canada
359655,null,Tesla Motors Canada ULC,2018-09-15,Climate,Climate,Environment and Climate Change Canada
360549,null,Federated Co-operatives Limited,2018-09-14,Climate,Climate,Environment and Climate Change Canada
360549,null,Federated Co-operatives Limited,2018-09-14,Climate,Climate,Natural Resources Canada (NRCan)
360549,null,Federated Co-operatives Limited,2018-09-14,Climate,Climate,Finance Canada (FIN)
360549,null,Federated Co-operatives Limited,2018-09-14,Climate,Climate,Environment and Climate Change Canada
360549,null,Federated Co-operatives Limited,2018-09-11,Climate,Climate,Natural Resources Canada (NRCan)
310665,L'Eglise Unie du Canada,The United Church of Canada,2018-09-07,Climate,Climate,House of Commons
355387,null,NextEra Canada Development LP,2018-09-25,Climate,Climate,Environment and Climate Change Canada
360549,null,Federated Co-operatives Limited,2018-09-11,Climate,Climate,Finance Canada (FIN)
362331,Greengate Power Corporation,Greengate Power Corporation,2018-09-25,Climate,Climate,Natural Resources Canada (NRCan)
5215,Suncor Énergie Inc.,Suncor Energy Inc.,2018-09-13,Climate,Climate,Natural Resources Canada (NRCan)
16634,null,BUSINESS COUNCIL OF BRITISH COLUMBIA,2018-09-05,Climate,Climate,Finance Canada (FIN)
361393,null,Dow Chemical Canada ULC,2018-10-29,Climate,Climate,Environment and Climate Change Canada
360933,Lobby Climatique des Citoyens,Citizens' Climate Lobby Canada,2018-10-15,Climate,Climate,House of Commons
360933,Lobby Climatique des Citoyens,Citizens' Climate Lobby Canada,2018-10-15,Climate,Climate,House of Commons
360933,Lobby Climatique des Citoyens,Citizens' Climate Lobby Canada,2018-10-15,Climate,Climate,House of Commons
360933,Lobby Climatique des Citoyens,Citizens' Climate Lobby Canada,2018-10-15,Climate,Climate,House of Commons
360933,Lobby Climatique des Citoyens,Citizens' Climate Lobby Canada,2018-10-16,Climate,Climate,Senate of Canada
360933,Lobby Climatique des Citoyens,Citizens' Climate Lobby Canada,2018-10-16,Climate,Climate,House of Commons
360933,Lobby Climatique des Citoyens,Citizens' Climate Lobby Canada,2018-10-15,Climate,Climate,House of Commons
360933,Lobby Climatique des Citoyens,Citizens' Climate Lobby Canada,2018-10-15,Climate,Climate,House of Commons
360933,Lobby Climatique des Citoyens,Citizens' Climate Lobby Canada,2018-10-16,Climate,Climate,House of Commons
360933,Lobby Climatique des Citoyens,Citizens' Climate Lobby Canada,2018-09-05,Climate,Climate,House of Commons
359264,L'Association des administrations portuaires canadiennes,Association of Canadian Port Authorities (ACPA),2018-10-25,Climate,Climate,Senate of Canada
268603,Association canadienne de L'hydroélectricité,Canadian Hydropower Association,2018-09-27,Climate,Climate,Senate of Canada
363151,null,Walker Environmental Group Inc.,2018-11-06,Climate,Climate,Environment and Climate Change Canada
363151,null,Walker Environmental Group Inc.,2018-11-06,Climate,Climate,Environment and Climate Change Canada
363150,null,Walker Environmental Group Inc.,2018-11-06,Climate,Climate,House of Commons
363150,null,Walker Environmental Group Inc.,2018-11-07,Climate,Climate,House of Commons
269143,Équiterre,null,2018-10-09,Climate,Climat,Environment and Climate Change Canada
269143,Équiterre,null,2018-10-11,Climate,Climat,Transport Canada (TC)
269143,Équiterre,null,2018-10-11,Climate,Climat,"Innovation, Science and Economic Development Canada"
269143,Équiterre,null,2018-10-18,Climate,Climat,House of Commons
269143,Équiterre,null,2018-10-18,Climate,Climat,Environment and Climate Change Canada
